sample_id	n_cells
691_692	2
693_694	5
688_689	1
683_684	40
684_685	8
686_687	3
689_690	120
687_688	12
690_691	6
685_686	25
692_693	2
682_683	5
825_826	1
823_824	40
829_830	8
832_833	3
831_832	120
827_828	12
830_831	6
824_825	25
842_843	2
843_844	5
826_827	1
847_848	40
836_837	8
990_991	3
835_836	120
848_849	12
989_990	6
997_998	25
834_835	2
849_850	5
985_986	1
851_852	40
845_846	8
850_851	3
846_847	120
852_853	12
999_1000	6
996_997	25
995_996	2
812_813	5
994_995	1
991_992	40
992_993	8
998_999	3
811_812	120
810_811	12
986_987	6
993_994	25
857_858	2
1003_1004	5
1002_1003	1
854_855	40
855_856	8
1004_1005	3
858_859	120
1000_1001	12
1001_1002	6
987_988	25
856_857	2
853_854	5
988_989	1
859_860	40
802_803	8
804_805	3
891_892	120
865_866	12
1007_1008	6
861_862	25
862_863	2
860_861	5
864_865	1
1006_1007	40
803_804	8
863_864	3
890_891	120
1005_1006	12
1009_1010	6
805_806	25
1010_1011	2
1008_1009	5
807_808	1
893_894	40
806_807	8
892_893	3
1011_1012	120
1014_1015	12
808_809	6
809_810	25
1012_1013	2
1021_1022	5
1016_1017	1
1023_1024	40
1018_1019	8
898_899	3
1019_1020	120
894_895	12
899_900	6
896_897	25
